<?xml version="1.0" encoding="UTF-8"?>
<project-private xmlns="http://www.netbeans.org/ns/project-private/1">
    <editor-bookmarks xmlns="http://www.netbeans.org/ns/editor-bookmarks/2" lastBookmarkId="0"/>
    <open-files xmlns="http://www.netbeans.org/ns/projectui-open-files/2">
        <group>
            <file>file:/C:/Users/Admin/Documents/NetBeansProjects/Assignment%20Java%20RSD/src/Models/Main.java</file>
            <file>file:/C:/Users/Admin/Documents/NetBeansProjects/Assignment%20Java%20RSD/src/Models/User.java</file>
            <file>file:/C:/Users/Admin/Documents/NetBeansProjects/Assignment%20Java%20RSD/src/Models/UserManager.java</file>
            <file>file:/C:/Users/Admin/Documents/NetBeansProjects/Assignment%20Java%20RSD/src/Models/Admin.java</file>
            <file>file:/C:/Users/Admin/Documents/NetBeansProjects/Assignment%20Java%20RSD/src/Models/Customer.java</file>
            <file>file:/C:/Users/Admin/Documents/NetBeansProjects/Assignment%20Java%20RSD/src/Models/Order.java</file>
            <file>file:/C:/Users/Admin/Documents/NetBeansProjects/Assignment%20Java%20RSD/src/Models/CartItem.java</file>
            <file>file:/C:/Users/Admin/Documents/NetBeansProjects/Assignment%20Java%20RSD/src/Models/Cart.java</file>
        </group>
    </open-files>
</project-private>
